"id","name","model_id:id","group_id:id","perm_read","perm_write","perm_create","perm_unlink"
"access_safi_students","student.student","model_student_student","base.group_user",1,0,0,0
"access_safi_students_user","student.student","model_student_student","safi_students.group_student_user",1,0,0,0
"access_safi_students__hod_user","student.student.hod.user","model_student_student","safi_students.group_student_hod_user",1,0,0,0
"access_safi_students_adviser_user","student.student.adviser.user","model_student_student","safi_students.group_student_adviser_user",1,0,0,0
"access_safi_students_manager","student.student","model_student_student","safi_students.group_student_manager",1,1,1,1
"access_safi_students_idcard","student.student","model_student_student","safi_students.group_student_idcard_user",1,1,1,1
"access_programme","programme.programme","model_programme_programme","base.group_user",1,1,1,1
"access_religion","religion.religion","model_religion_religion","base.group_user",1,1,1,1
"access_caste","caste.caste","model_caste_caste","base.group_user",1,1,1,1
"access_batch","batch.batch","model_batch_batch","base.group_user",1,1,1,1
"access_caste_category","caste.category","model_caste_category","base.group_user",1,1,1,1
"access_fee_category","fee.category","model_fee_category","base.group_user",1,1,1,1
"access_admission_category","admission.category","model_admission_category","base.group_user",1,1,1,1
"access_second_language","second.language","model_second_language","base.group_user",1,1,1,1
"access_state_district","state.district","model_state_district","base.group_user",1,1,1,1
"access_student_transfer","student.transfer","model_student_transfer","base.group_user",1,1,1,1
"access_fees_item","fees.item","model_fees_item","base.group_user",1,1,1,1
"access_fees_group","fees.group","model_fees_group","base.group_user",1,1,1,1
"access_programme_fee","programme.fee","model_programme_fee","base.group_user",1,1,1,1
"access_programme_fee_line","programme.fee.line","model_programme_fee_line","base.group_user",1,1,1,1
"access_fee_schedule","fee.schedule","model_fee_schedule","base.group_user",1,1,1,1
"access_fee_collection_user","fee.collection","model_fee_collection","safi_students.group_fee_user",1,0,0,0
"access_fee_collection_management","fee.collection","model_fee_collection","safi_students.group_fee_manager",1,1,1,1
"access_fee_collection","fee.collection","model_fee_collection","base.group_user",1,0,0,0
"access_fee_collection_line_user","fee.collection.line","model_fee_collection_line","safi_students.group_fee_user",1,0,0,0
"access_fee_collection_line_management","fee.collection.line","model_fee_collection_line","safi_students.group_fee_manager",1,1,1,1
"access_fee_collection_line","fee.collection.line","model_fee_collection_line","base.group_user",1,0,0,0
"access_fee_refund","fee.refund","model_fee_refund","base.group_user",1,1,1,1
"access_fee_refund_line","fee.refund.line","model_fee_refund_line","base.group_user",1,1,1,1
"access_tc_register","tc.issued.register","model_tc_issued_register","base.group_user",1,0,0,0
"access_tc_register_user","tc.issued.register","model_tc_issued_register","safi_students.group_tc_user",1,0,0,0
"access_tc_register_manager","tc.issued.register","model_tc_issued_register","safi_students.group_tc_manager",1,1,1,1
"access_tc_application","tc.applications","model_tc_applications","base.group_user",1,1,0,1
"access_tc_application_wizard","tc.application.wizard","model_tc_application_wizard","base.group_user",1,1,1,1
"access_tc_clearance","tc.clearance","model_tc_clearance","base.group_user",1,1,1,1
"access_tc_clearance_line","tc.clearance.line","model_tc_clearance_line","base.group_user",1,1,1,1
"access_batch_promotion","batch.promotion","model_batch_promotion","base.group_user",1,1,1,1
"access_student_non_promotion","student_non_promotion","model_student_non_promotion","base.group_user",1,1,1,1
"access_admission_register_report","admission.register.report","model_admission_register_report","base.group_user",1,1,1,1
"access_student_count_report","student.count.report","model_student_count_report","base.group_user",1,1,1,1
"access_matriculation_report_wizard","matriculation.report.wizard","model_matriculation_report_wizard","base.group_user",1,1,1,1
"access_monthly_admission_count","monthly.admission.count","model_monthly_admission_count","base.group_user",1,1,1,1
"access_nominal_roll","nominal.roll","model_nominal_roll","base.group_user",1,1,1,1
"access_student_detailed_report","student.detailed.report","model_student_detailed_report","base.group_user",1,1,1,1
"access_batch_promotion","batch.promotion","model_batch_promotion","base.group_user",1,1,1,1
"access_student_non_promotion","student_non_promotion","model_student_non_promotion","base.group_user",1,1,1,1
"access_scholarship_scholarship","scholarship.scholarship","model_scholarship_scholarship","base.group_user",1,1,1,1
"access_scholarship_details","scholarship.details","model_scholarship_details","base.group_user",1,1,1,1
"access_disciplinary_actions","disciplinary.actions","model_disciplinary_actions","base.group_user",1,1,1,1
"access_disciplinary_actions_details","disciplinary.actions.details","model_disciplinary_actions_details","base.group_user",1,1,1,1
"access_student_idcard_wizard","student_idcard_wizard","model_student_idcard_wizard","base.group_user",1,1,1,1
"access_cd_register_wizard","cd_register_wizard","model_cd_register_wizard","base.group_user",1,1,1,1
"access_student_fee_due","student.fee.due","model_student_fee_due","base.group_user",1,1,1,1
"access_programme_fee_collection_report","programme.fee.collection.report","model_programme_fee_collection_report","base.group_user",1,1,1,1
"access_semester_semester","semester.semester","model_semester_semester","base.group_user",1,1,1,1
"access_fee_installment","fee.installment","model_fee_installment","base.group_user",1,1,1,1
"access_fee_pending_list","fee.pending.list","model_fee_pending_list","base.group_user",1,1,1,1
"access_dfcr_wizard","dfcr.wizard","model_dfcr_wizard","base.group_user",1,1,1,1
"access_taluk_taluk","taluk.taluk","model_taluk_taluk","base.group_user",1,1,1,1
"access_panchayath_panchayath","panchayath.panchayath","model_panchayath_panchayath","base.group_user",1,1,1,1
"access_student_repeat_semester_manager","student.repeat.semester.manager","model_student_repeat_semester","safi_students.group_student_manager",1,1,1,1
"access_student_repeat_semester_user","student.repeat.semester.user","model_student_repeat_semester","safi_students.group_student_user",1,0,0,0
"access_student_readmission_manager","student.readmission.manager","model_student_readmission","safi_students.group_student_manager",1,1,1,1
"access_student_readmission_user","student.readmission.user","model_student_readmission","safi_students.group_student_user",1,0,0,0
"access_email_student","email.student","model_email_student","base.group_user",1,1,1,1
"access_email_student_line","email.student.line","model_email_student_line","base.group_user",1,1,1,1
"access_student_idcard_wizard","student_idcard_wizard","model_student_idcard_wizard","base.group_user",1,1,1,1
"access_student_fee_dues","student_fee_dues","model_student_fee_dues","base.group_user",1,1,1,1
"access_batch_fee_load","batch_fee_load","model_batch_fee_load","base.group_user",1,1,1,1
"access_periodic_collection_summary","periodic.collection.summary","model_periodic_collection_summary","base.group_user",1,1,1,1
"access_local_self_government","local.self.government","model_local_self_government","base.group_user",1,1,1,1
"access_applicant_rank_list","applicant.rank.list","model_applicant_rank_list","base.group_user",1,1,1,1
"access_student_semester_remarks","student.semester.remarks","model_student_semester_remarks","base.group_user",1,1,1,1
"access_curriculum","curriculum.curriculum","model_curriculum_curriculum","base.group_user",1,1,1,1
"access_course","course.course","model_course_course","base.group_user",1,1,1,1
"access_student_attendance_wizard","student.attendance.wizard","model_student_attendance_wizard","base.group_user",1,1,1,1
"access_student_attendance","student.attendance","model_student_attendance","base.group_user",1,1,1,1
"access_attendance_summary_report","attendance.summary.report","model_attendance_summary_report","base.group_user",1,1,1,1
"access_scholarship_report","scholarship.report","model_scholarship_report","base.group_user",1,1,1,1
"access_fee_payment_schedule","fee.payment.schedule","model_fee_payment_schedule","base.group_user",1,1,1,1
"access_cd_adjustment","cd.adjustment","model_cd_adjustment","base.group_user",1,1,1,1
"access_cd_adjustment_line","cd.adjustment.line","model_cd_adjustment_line","base.group_user",1,1,1,1

